-- MySQL Script generated by MySQL Workbench
-- Wed Oct 11 20:27:56 2017
-- Model: New Model    Version: 1.0
-- MySQL Workbench Forward Engineering

SET @OLD_UNIQUE_CHECKS=@@UNIQUE_CHECKS, UNIQUE_CHECKS=0;
SET @OLD_FOREIGN_KEY_CHECKS=@@FOREIGN_KEY_CHECKS, FOREIGN_KEY_CHECKS=0;
SET @OLD_SQL_MODE=@@SQL_MODE, SQL_MODE='TRADITIONAL,ALLOW_INVALID_DATES';

-- -----------------------------------------------------
-- Schema sv14e
-- -----------------------------------------------------
DROP SCHEMA IF EXISTS `sv14e` ;

-- -----------------------------------------------------
-- Schema sv14e
-- -----------------------------------------------------
CREATE SCHEMA IF NOT EXISTS `sv14e` DEFAULT CHARACTER SET utf8 ;
SHOW WARNINGS;
USE `sv14e` ;

-- -----------------------------------------------------
-- Table `sv14e`.`petstore`
-- -----------------------------------------------------
DROP TABLE IF EXISTS `sv14e`.`petstore` ;

SHOW WARNINGS;
CREATE TABLE IF NOT EXISTS `sv14e`.`petstore` (
  `pst_id` INT UNSIGNED NOT NULL AUTO_INCREMENT,
  `pst_name` VARCHAR(30) NOT NULL,
  `pst_street` VARCHAR(30) NOT NULL,
  `pst_city` VARCHAR(30) NOT NULL,
  `pst_state` CHAR(2) NOT NULL,
  `pst_zip` INT(9) NOT NULL,
  `pst_phone` BIGINT NOT NULL,
  `pst_email` VARCHAR(100) NOT NULL,
  `pst_url` VARCHAR(100) NOT NULL,
  `pst_ytd_sales` DECIMAL(10,2) NOT NULL,
  `pst_notes` VARCHAR(255) NULL,
  PRIMARY KEY (`pst_id`))
ENGINE = InnoDB;

SHOW WARNINGS;

-- -----------------------------------------------------
-- Table `sv14e`.`customer`
-- -----------------------------------------------------
DROP TABLE IF EXISTS `sv14e`.`customer` ;

SHOW WARNINGS;
CREATE TABLE IF NOT EXISTS `sv14e`.`customer` (
  `cus_id` SMALLINT UNSIGNED NOT NULL AUTO_INCREMENT,
  `cus_fname` VARCHAR(15) NOT NULL,
  `cus_lname` VARCHAR(30) NOT NULL,
  `cus_street` VARCHAR(30) NOT NULL,
  `cus_city` VARCHAR(30) NOT NULL,
  `cus_state` CHAR(2) NOT NULL,
  `cus_zip` INT NOT NULL,
  `cus_phone` BIGINT NOT NULL,
  `cus_email` VARCHAR(100) NOT NULL,
  `cus_balance` DECIMAL(6,2) NOT NULL,
  `cus_total_sales` DECIMAL(6,2) NOT NULL,
  `cus_notes` VARCHAR(255) NULL,
  PRIMARY KEY (`cus_id`))
ENGINE = InnoDB;

SHOW WARNINGS;

-- -----------------------------------------------------
-- Table `sv14e`.`pet`
-- -----------------------------------------------------
DROP TABLE IF EXISTS `sv14e`.`pet` ;

SHOW WARNINGS;
CREATE TABLE IF NOT EXISTS `sv14e`.`pet` (
  `pet_id` SMALLINT UNSIGNED NOT NULL AUTO_INCREMENT,
  `pst_id` SMALLINT UNSIGNED NOT NULL,
  `cus_id` SMALLINT UNSIGNED NULL,
  `pet_type` VARCHAR(45) NOT NULL,
  `pet_sex` ENUM('m', 'f') NOT NULL,
  `pet_cost` DECIMAL(6,2) NOT NULL,
  `pet_price` DECIMAL(6,2) NOT NULL,
  `pet_age` TINYINT NOT NULL,
  `pet_color` VARCHAR(30) NOT NULL,
  `pet_sale_date` DATE NOT NULL,
  `pet_vaccine` ENUM('y', 'n') NOT NULL,
  `pet_neuter` ENUM('y', 'n') NOT NULL,
  `pet_notes` VARCHAR(255) NULL,
  PRIMARY KEY (`pet_id`),
  INDEX `fk_pet_petstore_idx` (`pst_id` ASC),
  INDEX `fk_pet_customer1_idx` (`cus_id` ASC),
  CONSTRAINT `fk_pet_petstore`
    FOREIGN KEY (`pst_id`)
    REFERENCES `sv14e`.`petstore` (`pst_id`)
    ON DELETE CASCADE
    ON UPDATE CASCADE,
  CONSTRAINT `fk_pet_customer1`
    FOREIGN KEY (`cus_id`)
    REFERENCES `sv14e`.`customer` (`cus_id`)
    ON DELETE SET NULL
    ON UPDATE CASCADE)
ENGINE = InnoDB;

SHOW WARNINGS;

SET SQL_MODE=@OLD_SQL_MODE;
SET FOREIGN_KEY_CHECKS=@OLD_FOREIGN_KEY_CHECKS;
SET UNIQUE_CHECKS=@OLD_UNIQUE_CHECKS;

-- -----------------------------------------------------
-- Data for table `sv14e`.`petstore`
-- -----------------------------------------------------
START TRANSACTION;
USE `sv14e`;
INSERT INTO `sv14e`.`petstore` (`pst_id`, `pst_name`, `pst_street`, `pst_city`, `pst_state`, `pst_zip`, `pst_phone`, `pst_email`, `pst_url`, `pst_ytd_sales`, `pst_notes`) VALUES (14, 'The Lucky Duck', '253 Basin St', 'Tallahassee', 'FL', 32304, 8503850173, 'luckyduckpets@gmail.com', 'luckyduckpets.com', 315.00, NULL);
INSERT INTO `sv14e`.`petstore` (`pst_id`, `pst_name`, `pst_street`, `pst_city`, `pst_state`, `pst_zip`, `pst_phone`, `pst_email`, `pst_url`, `pst_ytd_sales`, `pst_notes`) VALUES (15, 'Furry Fiesta', '983 Bob Miller Rd', 'Tallahassee', 'FL', 32301, 8501739264, 'furryfiestapets@gmail.com', 'furryfiestapets.com', 350.00, NULL);
INSERT INTO `sv14e`.`petstore` (`pst_id`, `pst_name`, `pst_street`, `pst_city`, `pst_state`, `pst_zip`, `pst_phone`, `pst_email`, `pst_url`, `pst_ytd_sales`, `pst_notes`) VALUES (24, 'Pets Unlimited', '327 Finner Dr', 'Tallahassee', 'FL', 32302, 8502749372, 'petsunlimited@gmail.com', 'petsunlimited.com', 170.00, NULL);
INSERT INTO `sv14e`.`petstore` (`pst_id`, `pst_name`, `pst_street`, `pst_city`, `pst_state`, `pst_zip`, `pst_phone`, `pst_email`, `pst_url`, `pst_ytd_sales`, `pst_notes`) VALUES (27, 'Happy Paws', '849 Blair Stone Rd', 'Tallahassee', 'FL', 32304, 8509374917, 'happypaws@gmail.com', 'happypaws.com', 699.00, NULL);
INSERT INTO `sv14e`.`petstore` (`pst_id`, `pst_name`, `pst_street`, `pst_city`, `pst_state`, `pst_zip`, `pst_phone`, `pst_email`, `pst_url`, `pst_ytd_sales`, `pst_notes`) VALUES (49, 'Blue Collar Pet Store', '7194 Call St', 'Tallahassee', 'FL', 32303, 8506382658, 'bluecollar_petstore@gmail.com', 'bluecollarpetstore.com', 150.00, NULL);
INSERT INTO `sv14e`.`petstore` (`pst_id`, `pst_name`, `pst_street`, `pst_city`, `pst_state`, `pst_zip`, `pst_phone`, `pst_email`, `pst_url`, `pst_ytd_sales`, `pst_notes`) VALUES (26, 'Skippy Doo\'s Pet Store', '193 Monroe St', 'Tallahassee', 'FL', 32301, 8503749362, 'skippydoos_petstore@gmail.com', 'skippydoospets.com', 375.00, NULL);
INSERT INTO `sv14e`.`petstore` (`pst_id`, `pst_name`, `pst_street`, `pst_city`, `pst_state`, `pst_zip`, `pst_phone`, `pst_email`, `pst_url`, `pst_ytd_sales`, `pst_notes`) VALUES (39, 'Puppy Paws Pets', '8103 Magnolia Rd', 'Tallahassee', 'FL', 32303, 8509028302, 'puppypawspets@gmail.com', 'puppypaws.com', 200.00, NULL);
INSERT INTO `sv14e`.`petstore` (`pst_id`, `pst_name`, `pst_street`, `pst_city`, `pst_state`, `pst_zip`, `pst_phone`, `pst_email`, `pst_url`, `pst_ytd_sales`, `pst_notes`) VALUES (25, 'Pet Cetera', '9478 Monroe St', 'Tallahassee', 'FL', 32301, 8502427265, 'petcetera@gmail.com', 'petcetera.com', 1850.00, NULL);
INSERT INTO `sv14e`.`petstore` (`pst_id`, `pst_name`, `pst_street`, `pst_city`, `pst_state`, `pst_zip`, `pst_phone`, `pst_email`, `pst_url`, `pst_ytd_sales`, `pst_notes`) VALUES (10, 'For Pet\'s Sake', '384 Tennessee St', 'Tallahassee', 'FL', 32304, 8509372654, 'forpetssake@gmail.com', 'forpetssake.com', 25.00, NULL);
INSERT INTO `sv14e`.`petstore` (`pst_id`, `pst_name`, `pst_street`, `pst_city`, `pst_state`, `pst_zip`, `pst_phone`, `pst_email`, `pst_url`, `pst_ytd_sales`, `pst_notes`) VALUES (38, 'Furry Tales', '8473 Tharpe St', 'Tallahassee', 'FL', 32302, 8502835295, 'furrytalespets@gmail.com', 'furrytalespets.com', 725.00, NULL);

COMMIT;


-- -----------------------------------------------------
-- Data for table `sv14e`.`customer`
-- -----------------------------------------------------
START TRANSACTION;
USE `sv14e`;
INSERT INTO `sv14e`.`customer` (`cus_id`, `cus_fname`, `cus_lname`, `cus_street`, `cus_city`, `cus_state`, `cus_zip`, `cus_phone`, `cus_email`, `cus_balance`, `cus_total_sales`, `cus_notes`) VALUES (11, 'Robert', 'Vanderhoof', '7395 Staten Rd', 'Tallahassee', 'FL', 32303, 8509274926, 'r.vanderhoof@gmail.com', 725.00, 725.00, NULL);
INSERT INTO `sv14e`.`customer` (`cus_id`, `cus_fname`, `cus_lname`, `cus_street`, `cus_city`, `cus_state`, `cus_zip`, `cus_phone`, `cus_email`, `cus_balance`, `cus_total_sales`, `cus_notes`) VALUES (12, 'Yusef', 'Ivone', '839 High Rd', 'Tallahassee', 'FL', 32301, 8506283628, 'y.ivone@gmail.com', 25.00, 25.00, NULL);
INSERT INTO `sv14e`.`customer` (`cus_id`, `cus_fname`, `cus_lname`, `cus_street`, `cus_city`, `cus_state`, `cus_zip`, `cus_phone`, `cus_email`, `cus_balance`, `cus_total_sales`, `cus_notes`) VALUES (13, 'Gregory', 'Orlaf', '3728 Meridian Rd', 'Tallahassee', 'FL', 32304, 8508362959, 'g.orlaf@gmail.com', 1850.00, 1850.00, NULL);
INSERT INTO `sv14e`.`customer` (`cus_id`, `cus_fname`, `cus_lname`, `cus_street`, `cus_city`, `cus_state`, `cus_zip`, `cus_phone`, `cus_email`, `cus_balance`, `cus_total_sales`, `cus_notes`) VALUES (14, 'Flynn', 'Rider', '314 Staten Rd', 'Tallahassee', 'FL', 32301, 8509104739, 'f.rider@gmail.com', 200.00, 200.00, NULL);
INSERT INTO `sv14e`.`customer` (`cus_id`, `cus_fname`, `cus_lname`, `cus_street`, `cus_city`, `cus_state`, `cus_zip`, `cus_phone`, `cus_email`, `cus_balance`, `cus_total_sales`, `cus_notes`) VALUES (15, 'Penelope', 'Clearwater', '2959 Jackson Bluff Rd', 'Tallahassee', 'FL', 32304, 8508362957, 'p.clearwater@gmail.com', 375.00, 375.00, NULL);
INSERT INTO `sv14e`.`customer` (`cus_id`, `cus_fname`, `cus_lname`, `cus_street`, `cus_city`, `cus_state`, `cus_zip`, `cus_phone`, `cus_email`, `cus_balance`, `cus_total_sales`, `cus_notes`) VALUES (16, 'Fleur', 'Delacour', '837 S Ocala Rd', 'Tallahassee', 'FL', 32301, 8506294573, 'f.declacour@gmail.com', 150.00, 150.00, NULL);
INSERT INTO `sv14e`.`customer` (`cus_id`, `cus_fname`, `cus_lname`, `cus_street`, `cus_city`, `cus_state`, `cus_zip`, `cus_phone`, `cus_email`, `cus_balance`, `cus_total_sales`, `cus_notes`) VALUES (17, 'Barry', 'Trotter', '3959 Bellevue Rd', 'Tallahassee', 'FL', 32302, 8503947392, 'b.trotter@gmail.com', 699.00, 699.00, NULL);
INSERT INTO `sv14e`.`customer` (`cus_id`, `cus_fname`, `cus_lname`, `cus_street`, `cus_city`, `cus_state`, `cus_zip`, `cus_phone`, `cus_email`, `cus_balance`, `cus_total_sales`, `cus_notes`) VALUES (18, 'Tristan', 'Cooper', '2849 W Pensacola St', 'Tallahassee', 'FL', 32302, 8507195737, 't.cooper@gmail.com', 170.00, 170.00, NULL);
INSERT INTO `sv14e`.`customer` (`cus_id`, `cus_fname`, `cus_lname`, `cus_street`, `cus_city`, `cus_state`, `cus_zip`, `cus_phone`, `cus_email`, `cus_balance`, `cus_total_sales`, `cus_notes`) VALUES (19, 'Gary', 'Orwitz', '482 W Saint Augustine St', 'Tallahassee', 'FL', 32303, 8502946393, 'g.orwitz@gmail.com', 350.00, 350.00, NULL);
INSERT INTO `sv14e`.`customer` (`cus_id`, `cus_fname`, `cus_lname`, `cus_street`, `cus_city`, `cus_state`, `cus_zip`, `cus_phone`, `cus_email`, `cus_balance`, `cus_total_sales`, `cus_notes`) VALUES (20, 'Tiffany', 'Archer', '875 W Jefferson St', 'Tallahassee', 'FL', 32301, 8502284593, 't.archer@gmail.com', 315.00, 315.00, NULL);

COMMIT;


-- -----------------------------------------------------
-- Data for table `sv14e`.`pet`
-- -----------------------------------------------------
START TRANSACTION;
USE `sv14e`;
INSERT INTO `sv14e`.`pet` (`pet_id`, `pst_id`, `cus_id`, `pet_type`, `pet_sex`, `pet_cost`, `pet_price`, `pet_age`, `pet_color`, `pet_sale_date`, `pet_vaccine`, `pet_neuter`, `pet_notes`) VALUES (27, 38, 11, 'lion', 'm', 700.00, 725.00, 1, 'tan', '2017-09-13', 'y', 'y', NULL);
INSERT INTO `sv14e`.`pet` (`pet_id`, `pst_id`, `cus_id`, `pet_type`, `pet_sex`, `pet_cost`, `pet_price`, `pet_age`, `pet_color`, `pet_sale_date`, `pet_vaccine`, `pet_neuter`, `pet_notes`) VALUES (30, 10, 12, 'chameleon', 'm', 15.00, 25.00, 1, 'green', '2017-02-15', 'y', 'y', NULL);
INSERT INTO `sv14e`.`pet` (`pet_id`, `pst_id`, `cus_id`, `pet_type`, `pet_sex`, `pet_cost`, `pet_price`, `pet_age`, `pet_color`, `pet_sale_date`, `pet_vaccine`, `pet_neuter`, `pet_notes`) VALUES (36, 25, 13, 'whale shark', 'f', 1500.00, 1850.00, 9, 'gray', '2017-08-29', 'y', 'n', NULL);
INSERT INTO `sv14e`.`pet` (`pet_id`, `pst_id`, `cus_id`, `pet_type`, `pet_sex`, `pet_cost`, `pet_price`, `pet_age`, `pet_color`, `pet_sale_date`, `pet_vaccine`, `pet_neuter`, `pet_notes`) VALUES (29, 39, 14, 'husky', 'm', 150.00, 200.00, 2, 'white/gray', '2017-09-21', 'n', 'y', NULL);
INSERT INTO `sv14e`.`pet` (`pet_id`, `pst_id`, `cus_id`, `pet_type`, `pet_sex`, `pet_cost`, `pet_price`, `pet_age`, `pet_color`, `pet_sale_date`, `pet_vaccine`, `pet_neuter`, `pet_notes`) VALUES (83, 26, 15, 'goat', 'f', 300.00, 375.00, 2, 'black/white', '2017-05-03', 'y', 'y', NULL);
INSERT INTO `sv14e`.`pet` (`pet_id`, `pst_id`, `cus_id`, `pet_type`, `pet_sex`, `pet_cost`, `pet_price`, `pet_age`, `pet_color`, `pet_sale_date`, `pet_vaccine`, `pet_neuter`, `pet_notes`) VALUES (16, 29, 16, 'pomeranian', 'f', 100.00, 150.00, 4, 'tan', '2017-07-09', 'y', 'n', NULL);
INSERT INTO `sv14e`.`pet` (`pet_id`, `pst_id`, `cus_id`, `pet_type`, `pet_sex`, `pet_cost`, `pet_price`, `pet_age`, `pet_color`, `pet_sale_date`, `pet_vaccine`, `pet_neuter`, `pet_notes`) VALUES (34, 27, 17, 'horse', 'm', 615.00, 699.00, 2, 'brown', '2017-01-08', 'y', 'y', NULL);
INSERT INTO `sv14e`.`pet` (`pet_id`, `pst_id`, `cus_id`, `pet_type`, `pet_sex`, `pet_cost`, `pet_price`, `pet_age`, `pet_color`, `pet_sale_date`, `pet_vaccine`, `pet_neuter`, `pet_notes`) VALUES (73, 24, 18, 'bulldog', 'm', 100.00, 170.00, 3, 'tan', '2017-03-29', 'y', 'y', NULL);
INSERT INTO `sv14e`.`pet` (`pet_id`, `pst_id`, `cus_id`, `pet_type`, `pet_sex`, `pet_cost`, `pet_price`, `pet_age`, `pet_color`, `pet_sale_date`, `pet_vaccine`, `pet_neuter`, `pet_notes`) VALUES (53, 15, 19, 'linx', 'f', 275.00, 350.00, 5, 'brown', '2017-05-25', 'n', 'n', NULL);
INSERT INTO `sv14e`.`pet` (`pet_id`, `pst_id`, `cus_id`, `pet_type`, `pet_sex`, `pet_cost`, `pet_price`, `pet_age`, `pet_color`, `pet_sale_date`, `pet_vaccine`, `pet_neuter`, `pet_notes`) VALUES (57, 14, 20, 'finnick fox', 'f', 250.00, 315.00, 2, 'red', '2017-06-29', 'y', 'y', NULL);

COMMIT;

